timestamp,unique_device_id,device_short_id,pc_name,collection_mode,sample_index,true_label,prediction,correct,model_type,parameters,model_flops,confidence_score,logit_margin,entropy,execution_time_sec,cpu_energy_kwh,gpu_energy_kwh,ram_energy_kwh,total_energy_kwh,total_emissions_kg,carbon_intensity_kgco2_kwh,codecarbon_version,input_tokens,output_tokens,total_tokens,tokens_per_second,joules_per_token,energy_per_token_kwh,watts_estimated,gpu_energy_pct_of_total,cpu_energy_pct_of_total,cpu_model,cpu_architecture,cpu_core_count,cpu_thread_count,cpu_core,cpu_thread,cpu_tdp_w,cpu_usage_pct,cpu_clock_mhz,cpu_temp_c,cpu_power_draw_w,cpu_cores_used,gpu_model,gpu_core,gpu_thread,gpu_driver_version,gpu_compute_capability,gpu_power_limit_w,gpu_memory_total_mb,gpu_power_draw_w,gpu_utilization_pct,gpu_temp_c,gpu_memory_used_mb,gpu_sm_clock_mhz,gpu_memory_clock_mhz,cuda_driver_version,cuda_available,device_type,ram_usage_pct,memory_footprint_mb,system_ram_total_gb,os_name,os_version,os_architecture,os_full_name,python_version,torch_version,model_accuracy,model_precision_weighted,model_recall_weighted,model_f1_weighted,model_under_attack
2026-08-26 18:57:29,33673b8604ac5ce04967d62b142b30f97c7580fded98884cc24740167b8654b3,33673b86,CS-549448,automated_edge,0,7,7,1,CNN,225034,,0.999999,13.804962,1.5e-05,0.0026467,1.325173048861325e-07,0.0,2.9652722215461025e-07,4.290445270407427e-07,1.578916700481532e-07,0.36800765,3.3.0,784,1,785,296595.7609,0.001968,5.47e-10,583.5797,0.0,30.89,Intel(R) Xeon(R) w5-2445,X86_64,10,20,10,20,,11.0,3096.0,,,20,NVIDIA RTX PRO 6000 Blackwell Max-Q Workstation Edition,12032,288768,596.71,12.0,300.0,97887.0,27.89,0,41,2316.88,277,405,596.71,True,cpu,32.4,667.3398,63.24,Windows,10.0.26200,AMD64,Windows 10 Enterprise 25H2 Build 26200 AMD64,3.12.13,2.13.0,1.0,1.0,1.0,1.0,0
2026-08-26 18:57:34,33673b8604ac5ce04967d62b142b30f97c7580fded98884cc24740167b8654b3,33673b86,CS-549448,automated_edge,1,2,2,1,CNN,225034,,1.0,27.195505,0.0,0.001074,3.0998622443566144e-08,0.0,5.770277776820069e-08,8.870140021176684e-08,3.264279423780067e-08,0.36800765,3.3.0,784,1,785,730912.4769,0.000407,1.13e-10,297.3231,0.0,34.95,Intel(R) Xeon(R) w5-2445,X86_64,10,20,10,20,,14.4,3096.0,,,20,NVIDIA RTX PRO 6000 Blackwell Max-Q Workstation Edition,12032,288768,596.71,12.0,300.0,97887.0,27.51,0,41,2338.06,270,405,596.71,True,cpu,31.6,667.543,63.24,Windows,10.0.26200,AMD64,Windows 10 Enterprise 25H2 Build 26200 AMD64,3.12.13,2.13.0,1.0,1.0,1.0,1.0,0
2026-08-26 18:57:39,33673b8604ac5ce04967d62b142b30f97c7580fded98884cc24740167b8654b3,33673b86,CS-549448,automated_edge,2,1,1,1,CNN,225034,,1.0,15.990148,3e-06,0.0009069,9.661023884709746e-09,8.936118260916004e-07,1.4360555522014491e-08,9.176334054983248e-07,3.376961171965864e-07,0.36800765,3.3.0,784,1,785,865586.0687,0.004208,1.169e-09,3642.607,97.38,1.05,Intel(R) Xeon(R) w5-2445,X86_64,10,20,10,20,,13.2,3096.0,,,20,NVIDIA RTX PRO 6000 Blackwell Max-Q Workstation Edition,12032,288768,596.71,12.0,300.0,97887.0,27.21,3,40,2312.56,255,405,596.71,True,cpu,31.4,667.5977,63.24,Windows,10.0.26200,AMD64,Windows 10 Enterprise 25H2 Build 26200 AMD64,3.12.13,2.13.0,1.0,1.0,1.0,1.0,0
2026-08-26 18:57:44,33673b8604ac5ce04967d62b142b30f97c7580fded98884cc24740167b8654b3,33673b86,CS-549448,automated_edge,3,0,0,1,CNN,225034,,1.0,30.131475,0.0,0.0008334,9.329287798234986e-09,0.0,1.3886111102894778e-08,2.3215398901129773e-08,8.543444496578687e-09,0.36800765,3.3.0,784,1,785,941924.6446,0.000106,3e-11,100.2825,0.0,40.19,Intel(R) Xeon(R) w5-2445,X86_64,10,20,10,20,,13.0,3096.0,,,20,NVIDIA RTX PRO 6000 Blackwell Max-Q Workstation Edition,12032,288768,596.71,12.0,300.0,97887.0,27.43,2,40,2312.56,262,405,596.71,True,cpu,31.5,667.6406,63.24,Windows,10.0.26200,AMD64,Windows 10 Enterprise 25H2 Build 26200 AMD64,3.12.13,2.13.0,1.0,1.0,1.0,1.0,0
2026-08-26 18:57:49,33673b8604ac5ce04967d62b142b30f97c7580fded98884cc24740167b8654b3,33673b86,CS-549448,automated_edge,4,4,4,1,CNN,225034,,0.999865,8.924288,0.001346,0.0009799,1.93954458864574e-08,0.0,1.3909999931153533e-08,3.3305445817610926e-08,1.22566589955394e-08,0.36800765,3.3.0,784,1,785,801102.1563,0.000153,4.2e-11,122.359,0.0,58.24,Intel(R) Xeon(R) w5-2445,X86_64,10,20,10,20,,13.5,3096.0,,,20,NVIDIA RTX PRO 6000 Blackwell Max-Q Workstation Edition,12032,288768,596.71,12.0,300.0,97887.0,27.75,0,40,2312.56,262,405,596.71,True,cpu,31.5,667.6406,63.24,Windows,10.0.26200,AMD64,Windows 10 Enterprise 25H2 Build 26200 AMD64,3.12.13,2.13.0,1.0,1.0,1.0,1.0,0
2026-08-26 18:57:54,33673b8604ac5ce04967d62b142b30f97c7580fded98884cc24740167b8654b3,33673b86,CS-549448,automated_edge,5,1,1,1,CNN,225034,,1.0,15.257891,4e-06,0.0008089,1.998751005556396e-08,0.0,3.90427778054598e-08,5.903028786102376e-08,2.1723597776869404e-08,0.36800765,3.3.0,784,1,785,970453.6979,0.000271,7.5e-11,262.7136,0.0,33.86,Intel(R) Xeon(R) w5-2445,X86_64,10,20,10,20,,7.9,3096.0,,,18,NVIDIA RTX PRO 6000 Blackwell Max-Q Workstation Edition,12032,288768,596.71,12.0,300.0,97887.0,27.92,0,40,2312.56,255,405,596.71,True,cpu,31.4,667.6445,63.24,Windows,10.0.26200,AMD64,Windows 10 Enterprise 25H2 Build 26200 AMD64,3.12.13,2.13.0,1.0,1.0,1.0,1.0,0
2026-08-26 18:57:59,33673b8604ac5ce04967d62b142b30f97c7580fded98884cc24740167b8654b3,33673b86,CS-549448,automated_edge,6,4,4,1,CNN,225034,,0.999991,11.585302,0.000117,0.0009393,1.7042572013829174e-08,0.0,2.4756666728838665e-08,4.179923874266783e-08,1.5382439807219748e-08,0.36800765,3.3.0,784,1,785,835728.7277,0.000192,5.3e-11,160.2015,0.0,40.77,Intel(R) Xeon(R) w5-2445,X86_64,10,20,10,20,,12.4,3096.0,,,19,NVIDIA RTX PRO 6000 Blackwell Max-Q Workstation Edition,12032,288768,596.71,12.0,300.0,97887.0,27.54,0,40,2312.56,255,405,596.71,True,cpu,31.3,667.6445,63.24,Windows,10.0.26200,AMD64,Windows 10 Enterprise 25H2 Build 26200 AMD64,3.12.13,2.13.0,1.0,1.0,1.0,1.0,0
2026-08-26 18:58:04,33673b8604ac5ce04967d62b142b30f97c7580fded98884cc24740167b8654b3,33673b86,CS-549448,automated_edge,7,9,9,1,CNN,225034,,0.999999,13.456226,2.1e-05,0.000925,1.1339157689318642e-08,0.0,1.6603333319330382e-08,2.7942491008649024e-08,1.0283050575405986e-08,0.36800765,3.3.0,784,1,785,848648.6484,0.000128,3.6e-11,108.7492,0.0,40.58,Intel(R) Xeon(R) w5-2445,X86_64,10,20,10,20,,14.2,3096.0,,,20,NVIDIA RTX PRO 6000 Blackwell Max-Q Workstation Edition,12032,288768,596.71,12.0,300.0,97887.0,27.25,0,40,2312.56,262,405,596.71,True,cpu,31.4,667.6445,63.24,Windows,10.0.26200,AMD64,Windows 10 Enterprise 25H2 Build 26200 AMD64,3.12.13,2.13.0,1.0,1.0,1.0,1.0,0
2026-08-26 18:58:09,33673b8604ac5ce04967d62b142b30f97c7580fded98884cc24740167b8654b3,33673b86,CS-549448,automated_edge,8,5,5,1,CNN,225034,,0.999872,9.11928,0.001336,0.0009176,2.148872238389489e-08,0.0,1.4509999972587038e-08,3.5998722356481936e-08,1.324780537737746e-08,0.36800765,3.3.0,784,1,785,855492.5874,0.000165,4.6e-11,141.233,0.0,59.69,Intel(R) Xeon(R) w5-2445,X86_64,10,20,10,20,,12.9,3096.0,,,20,NVIDIA RTX PRO 6000 Blackwell Max-Q Workstation Edition,12032,288768,596.71,12.0,300.0,97887.0,27.88,0,40,2312.56,262,405,596.71,True,cpu,31.4,667.6562,63.24,Windows,10.0.26200,AMD64,Windows 10 Enterprise 25H2 Build 26200 AMD64,3.12.13,2.13.0,1.0,1.0,1.0,1.0,0
2026-08-26 18:58:14,33673b8604ac5ce04967d62b142b30f97c7580fded98884cc24740167b8654b3,33673b86,CS-549448,automated_edge,9,9,9,1,CNN,225034,,1.0,16.159618,2e-06,0.0009674,1.0139489280478908e-08,0.0,1.5224444440617745e-08,2.536393372109665e-08,9.334121756165233e-09,0.36800765,3.3.0,784,1,785,811453.3777,0.000116,3.2e-11,94.3872,0.0,39.98,Intel(R) Xeon(R) w5-2445,X86_64,10,20,10,20,,16.0,3096.0,,,20,NVIDIA RTX PRO 6000 Blackwell Max-Q Workstation Edition,12032,288768,596.71,12.0,300.0,97887.0,27.56,0,40,2312.56,277,405,596.71,True,cpu,31.4,667.5898,63.24,Windows,10.0.26200,AMD64,Windows 10 Enterprise 25H2 Build 26200 AMD64,3.12.13,2.13.0,1.0,1.0,1.0,1.0,0
2026-08-26 18:58:19,33673b8604ac5ce04967d62b142b30f97c7580fded98884cc24740167b8654b3,33673b86,CS-549448,automated_edge,0,7,7,1,DNN,567434,,0.999997,13.499417,3.6e-05,0.0008365,1.1792726919324644e-08,0.0,1.5411666714094788e-08,2.7204393633419443e-08,1.001142509159672e-08,0.36800765,3.3.0,784,1,785,938433.9557,0.000125,3.5e-11,117.0781,0.0,43.35,Intel(R) Xeon(R) w5-2445,X86_64,10,20,10,20,,13.3,3096.0,,,20,NVIDIA RTX PRO 6000 Blackwell Max-Q Workstation Edition,12032,288768,596.71,12.0,300.0,97887.0,27.87,0,40,2344.12,270,405,596.71,True,cpu,31.3,671.8281,63.24,Windows,10.0.26200,AMD64,Windows 10 Enterprise 25H2 Build 26200 AMD64,3.12.13,2.13.0,1.0,1.0,1.0,1.0,0
2026-08-26 18:58:24,33673b8604ac5ce04967d62b142b30f97c7580fded98884cc24740167b8654b3,33673b86,CS-549448,automated_edge,1,2,2,1,DNN,567434,,1.0,16.283072,2e-06,0.0009402,9.44309796156876e-09,0.0,1.2974444446930044e-08,2.2417542408498803e-08,8.249827200142921e-09,0.36800765,3.3.0,784,1,785,834928.7389,0.000103,2.9e-11,85.8362,0.0,42.12,Intel(R) Xeon(R) w5-2445,X86_64,10,20,10,20,,13.2,3096.0,,,19,NVIDIA RTX PRO 6000 Blackwell Max-Q Workstation Edition,12032,288768,596.71,12.0,300.0,97887.0,27.36,0,40,2303.62,277,405,596.71,True,cpu,31.4,671.9414,63.24,Windows,10.0.26200,AMD64,Windows 10 Enterprise 25H2 Build 26200 AMD64,3.12.13,2.13.0,1.0,1.0,1.0,1.0,0
2026-08-26 18:58:29,33673b8604ac5ce04967d62b142b30f97c7580fded98884cc24740167b8654b3,33673b86,CS-549448,automated_edge,2,1,1,1,DNN,567434,,0.999928,9.775529,0.000815,0.0006461,1.0984344329783781e-08,4.172225560594711e-07,1.4923333300329333e-08,4.4313023368958426e-07,1.6307531791317485e-07,0.36800765,3.3.0,784,1,785,1214982.1987,0.002032,5.64e-10,2469.0742,94.15,2.48,Intel(R) Xeon(R) w5-2445,X86_64,10,20,10,20,,12.7,3096.0,,,20,NVIDIA RTX PRO 6000 Blackwell Max-Q Workstation Edition,12032,288768,596.71,12.0,300.0,97887.0,27.52,3,40,2303.62,292,405,596.71,True,cpu,31.4,671.9453,63.24,Windows,10.0.26200,AMD64,Windows 10 Enterprise 25H2 Build 26200 AMD64,3.12.13,2.13.0,1.0,1.0,1.0,1.0,0
2026-08-26 18:58:34,33673b8604ac5ce04967d62b142b30f97c7580fded98884cc24740167b8654b3,33673b86,CS-549448,automated_edge,3,0,0,1,DNN,567434,,1.0,17.024357,1e-06,0.0007771,1.223150455658484e-08,0.0,1.8421666593187384e-08,3.065317114977222e-08,1.1280601616087742e-08,0.36800765,3.3.0,784,1,785,1010165.9899,0.000141,3.9e-11,142.0041,0.0,39.9,Intel(R) Xeon(R) w5-2445,X86_64,10,20,10,20,,12.7,3096.0,,,20,NVIDIA RTX PRO 6000 Blackwell Max-Q Workstation Edition,12032,288768,596.71,12.0,300.0,97887.0,27.76,3,40,2303.62,307,405,596.71,True,cpu,31.4,671.9453,63.24,Windows,10.0.26200,AMD64,Windows 10 Enterprise 25H2 Build 26200 AMD64,3.12.13,2.13.0,1.0,1.0,1.0,1.0,0
2026-08-26 18:58:39,33673b8604ac5ce04967d62b142b30f97c7580fded98884cc24740167b8654b3,33673b86,CS-549448,automated_edge,4,4,4,1,DNN,567434,,1.0,14.580599,7e-06,0.0007431,9.84901370367678e-09,0.0,1.3925000045370932e-08,2.3774013749047712e-08,8.74901903649837e-09,0.36800765,3.3.0,784,1,785,1056385.4158,0.000109,3e-11,115.1749,0.0,41.43,Intel(R) Xeon(R) w5-2445,X86_64,10,20,10,20,,14.0,3096.0,,,20,NVIDIA RTX PRO 6000 Blackwell Max-Q Workstation Edition,12032,288768,596.71,12.0,300.0,97887.0,28.1,0,40,2303.62,322,405,596.71,True,cpu,31.4,672.0234,63.24,Windows,10.0.26200,AMD64,Windows 10 Enterprise 25H2 Build 26200 AMD64,3.12.13,2.13.0,1.0,1.0,1.0,1.0,0
2026-08-26 18:58:44,33673b8604ac5ce04967d62b142b30f97c7580fded98884cc24740167b8654b3,33673b86,CS-549448,automated_edge,5,1,1,1,DNN,567434,,0.999971,10.860536,0.000356,0.0006846,2.1756117782546424e-08,0.0,4.32172222645022e-08,6.497334004704864e-08,2.3910686472084685e-08,0.36800765,3.3.0,784,1,785,1146654.9755,0.000298,8.3e-11,341.6652,0.0,33.48,Intel(R) Xeon(R) w5-2445,X86_64,10,20,10,20,,12.5,3096.0,,,19,NVIDIA RTX PRO 6000 Blackwell Max-Q Workstation Edition,12032,288768,596.71,12.0,300.0,97887.0,28.11,0,40,2303.62,277,405,596.71,True,cpu,31.4,672.0234,63.24,Windows,10.0.26200,AMD64,Windows 10 Enterprise 25H2 Build 26200 AMD64,3.12.13,2.13.0,1.0,1.0,1.0,1.0,0
2026-08-26 18:58:49,33673b8604ac5ce04967d62b142b30f97c7580fded98884cc24740167b8654b3,33673b86,CS-549448,automated_edge,6,4,4,1,DNN,567434,,0.999849,8.895306,0.00154,0.0006766,2.533311400638772e-08,0.0,1.4107222199931534e-08,3.944033620631924e-08,1.4514345617756902e-08,0.36800765,3.3.0,784,1,785,1160212.8278,0.000181,5e-11,209.851,0.0,64.23,Intel(R) Xeon(R) w5-2445,X86_64,10,20,10,20,,14.6,3096.0,,,20,NVIDIA RTX PRO 6000 Blackwell Max-Q Workstation Edition,12032,288768,596.71,12.0,300.0,97887.0,27.89,0,40,2303.62,277,405,596.71,True,cpu,31.4,672.0234,63.24,Windows,10.0.26200,AMD64,Windows 10 Enterprise 25H2 Build 26200 AMD64,3.12.13,2.13.0,1.0,1.0,1.0,1.0,0
2026-08-26 18:58:54,33673b8604ac5ce04967d62b142b30f97c7580fded98884cc24740167b8654b3,33673b86,CS-549448,automated_edge,7,9,9,1,DNN,567434,,0.999743,8.550283,0.002594,0.0006589,1.0939845708885952e-08,0.0,1.5586111112497748e-08,2.65259568213837e-08,9.761755151711216e-09,0.36800765,3.3.0,784,1,785,1191379.5778,0.000122,3.4e-11,144.9286,0.0,41.24,Intel(R) Xeon(R) w5-2445,X86_64,10,20,10,20,,12.1,3096.0,,,20,NVIDIA RTX PRO 6000 Blackwell Max-Q Workstation Edition,12032,288768,596.71,12.0,300.0,97887.0,28.59,0,40,2303.62,270,405,596.71,True,cpu,31.4,672.0234,63.24,Windows,10.0.26200,AMD64,Windows 10 Enterprise 25H2 Build 26200 AMD64,3.12.13,2.13.0,1.0,1.0,1.0,1.0,0
2026-08-26 18:58:59,33673b8604ac5ce04967d62b142b30f97c7580fded98884cc24740167b8654b3,33673b86,CS-549448,automated_edge,8,5,5,1,DNN,567434,,0.722067,0.954982,0.591623,0.0009641,2.3633363544508626e-08,0.0,1.470444444243589e-08,3.833780798694452e-08,1.4108606793786862e-08,0.36800765,3.3.0,784,1,785,814230.883,0.000176,4.9e-11,143.1554,0.0,61.65,Intel(R) Xeon(R) w5-2445,X86_64,10,20,10,20,,15.8,3096.0,,,19,NVIDIA RTX PRO 6000 Blackwell Max-Q Workstation Edition,12032,288768,596.71,12.0,300.0,97887.0,59.09,0,41,2303.62,2280,14001,596.71,True,cpu,31.3,672.0234,63.24,Windows,10.0.26200,AMD64,Windows 10 Enterprise 25H2 Build 26200 AMD64,3.12.13,2.13.0,1.0,1.0,1.0,1.0,0
2026-08-26 18:59:04,33673b8604ac5ce04967d62b142b30f97c7580fded98884cc24740167b8654b3,33673b86,CS-549448,automated_edge,9,9,9,1,DNN,567434,,0.964121,3.291092,0.154627,0.0007682,6.332897213565404e-09,0.0,1.0122222253509488e-08,1.645511946707489e-08,6.0556099186684386e-09,0.36800765,3.3.0,784,1,785,1021869.3054,7.5e-05,2.1e-11,77.1133,0.0,38.49,Intel(R) Xeon(R) w5-2445,X86_64,10,20,10,20,,13.0,3096.0,,,20,NVIDIA RTX PRO 6000 Blackwell Max-Q Workstation Edition,12032,288768,596.71,12.0,300.0,97887.0,29.53,0,41,2303.5,270,405,596.71,True,cpu,31.4,672.0234,63.24,Windows,10.0.26200,AMD64,Windows 10 Enterprise 25H2 Build 26200 AMD64,3.12.13,2.13.0,1.0,1.0,1.0,1.0,0
2026-08-26 18:59:11,33673b8604ac5ce04967d62b142b30f97c7580fded98884cc24740167b8654b3,33673b86,CS-549448,automated_edge,0,7,0,0,MobileNetV2,2236682,,0.806823,2.016207,0.712508,9e-07,2.354778291374895e-08,0.0,1.3009999949847244e-08,3.655778286359619e-08,1.3453543923292661e-08,0.3680076544436599,3.3.0,150528,10,150538,167263170820.1392,8.7e-07,0.0,146230.01798688,0.0,64.4125,Intel(R) Xeon(R) w5-2445,X86_64,10,20,10,20,,11.4,3096.0,,,20,NVIDIA RTX PRO 6000 Blackwell Max-Q Workstation Edition,12032,288768,596.71,12.0,300.0,97887.0,28.7,0,40,2322.38,292,405,596.71,True,cpu,31.4,711.6992,63.24,Windows,10.0.26200,AMD64,Windows 11 10.0.26200 AMD64,3.12.13,2.13.0,0.2,0.0666666666666666,0.2,0.1,0
2026-08-26 18:59:16,33673b8604ac5ce04967d62b142b30f97c7580fded98884cc24740167b8654b3,33673b86,CS-549448,automated_edge,1,2,2,1,MobileNetV2,2236682,,0.476957,0.294022,1.249574,5e-07,1.6609774557162803e-08,0.0,3.0314444464036365e-08,4.692421902119917e-08,1.726847177859208e-08,0.36800765444366,3.3.0,150528,10,150538,301073707476.2505,1.12e-06,0.0,337851.80438231,0.0,35.397,Intel(R) Xeon(R) w5-2445,X86_64,10,20,10,20,,10.1,3096.0,,,20,NVIDIA RTX PRO 6000 Blackwell Max-Q Workstation Edition,12032,288768,596.71,12.0,300.0,97887.0,28.07,0,40,2309.44,270,405,596.71,True,cpu,31.3,714.457,63.24,Windows,10.0.26200,AMD64,Windows 11 10.0.26200 AMD64,3.12.13,2.13.0,0.2,0.0666666666666666,0.2,0.1,0
2026-08-26 18:59:21,33673b8604ac5ce04967d62b142b30f97c7580fded98884cc24740167b8654b3,33673b86,CS-549448,automated_edge,2,1,2,0,MobileNetV2,2236682,,0.479901,0.527508,1.402223,7e-07,1.5506627511905832e-08,0.0,2.6782222185930653e-08,4.228884969783648e-08,1.556262038642128e-08,0.3680076544436599,3.3.0,150528,10,150538,215057118867.5128,1.01e-06,0.0,217488.37791426,0.0,36.6684,Intel(R) Xeon(R) w5-2445,X86_64,10,20,10,20,,10.1,3096.0,,,20,NVIDIA RTX PRO 6000 Blackwell Max-Q Workstation Edition,12032,288768,596.71,12.0,300.0,97887.0,28.56,0,40,2309.44,277,405,596.71,True,cpu,31.3,714.4688,63.24,Windows,10.0.26200,AMD64,Windows 11 10.0.26200 AMD64,3.12.13,2.13.0,0.2,0.0666666666666666,0.2,0.1,0
2026-08-26 18:59:26,33673b8604ac5ce04967d62b142b30f97c7580fded98884cc24740167b8654b3,33673b86,CS-549448,automated_edge,3,0,5,0,MobileNetV2,2236682,,0.529337,0.748664,1.324568,8e-07,9.914599736413792e-09,9.094451716151752e-07,1.4760555576584821e-08,9.34120326928174e-07,3.4376343048098205e-07,0.3680076544436599,3.3.0,150528,10,150538,188174490020.627,2.234e-05,6e-12,4203585.92578218,97.3585,1.0614,Intel(R) Xeon(R) w5-2445,X86_64,10,20,10,20,,10.1,3096.0,,,20,NVIDIA RTX PRO 6000 Blackwell Max-Q Workstation Edition,12032,288768,596.71,12.0,300.0,97887.0,28.64,0,40,2308.75,270,405,596.71,True,cpu,31.3,714.4727,63.24,Windows,10.0.26200,AMD64,Windows 11 10.0.26200 AMD64,3.12.13,2.13.0,0.2,0.0666666666666666,0.2,0.1,0
2026-08-26 18:59:31,33673b8604ac5ce04967d62b142b30f97c7580fded98884cc24740167b8654b3,33673b86,CS-549448,automated_edge,4,4,7,0,MobileNetV2,2236682,,0.334868,0.021608,1.553609,8e-07,2.4028806293621993e-08,0.0,4.820111110651244e-08,7.222991740013444e-08,2.6581162483082772e-08,0.3680076544436599,3.3.0,150528,10,150538,188174490020.627,1.73e-06,0.0,325038.06570838,0.0,33.2671,Intel(R) Xeon(R) w5-2445,X86_64,10,20,10,20,,10.6,3096.0,,,20,NVIDIA RTX PRO 6000 Blackwell Max-Q Workstation Edition,12032,288768,596.71,12.0,300.0,97887.0,28.77,0,40,2308.75,270,405,596.71,True,cpu,31.3,714.4766,63.24,Windows,10.0.26200,AMD64,Windows 11 10.0.26200 AMD64,3.12.13,2.13.0,0.2,0.0666666666666666,0.2,0.1,0
2026-08-26 18:59:35,33673b8604ac5ce04967d62b142b30f97c7580fded98884cc24740167b8654b3,33673b86,CS-549448,automated_edge,5,1,2,0,MobileNetV2,2236682,,0.567186,1.396499,1.390587,8e-07,1.846134335846728e-08,0.0,3.481666669055509e-08,5.3278010049022375e-08,1.9606715511566465e-08,0.3680076544436599,3.3.0,150528,10,150538,188171067172.6566,1.27e-06,0.0,239749.21965176,0.0,34.651,Intel(R) Xeon(R) w5-2445,X86_64,10,20,10,20,,10.0,3096.0,,,20,NVIDIA RTX PRO 6000 Blackwell Max-Q Workstation Edition,12032,288768,596.71,12.0,300.0,97887.0,28.89,0,40,2308.75,270,405,596.71,True,cpu,31.3,714.4766,63.24,Windows,10.0.26200,AMD64,Windows 11 10.0.26200 AMD64,3.12.13,2.13.0,0.2,0.0666666666666666,0.2,0.1,0
2026-08-26 18:59:40,33673b8604ac5ce04967d62b142b30f97c7580fded98884cc24740167b8654b3,33673b86,CS-549448,automated_edge,6,4,0,0,MobileNetV2,2236682,,0.529871,0.479393,1.175371,5e-07,2.365487841477994e-08,0.0,4.646833331207745e-08,7.012321172685739e-08,2.5805878669656943e-08,0.3680076544436599,3.3.0,150528,10,150538,301073707476.2505,1.68e-06,0.0,504883.28000299,0.0,33.7333,Intel(R) Xeon(R) w5-2445,X86_64,10,20,10,20,,10.3,3096.0,,,20,NVIDIA RTX PRO 6000 Blackwell Max-Q Workstation Edition,12032,288768,596.71,12.0,300.0,97887.0,28.99,0,40,2308.75,285,405,596.71,True,cpu,31.3,714.4805,63.24,Windows,10.0.26200,AMD64,Windows 11 10.0.26200 AMD64,3.12.13,2.13.0,0.2,0.0666666666666666,0.2,0.1,0
2026-08-26 18:59:45,33673b8604ac5ce04967d62b142b30f97c7580fded98884cc24740167b8654b3,33673b86,CS-549448,automated_edge,7,9,5,0,MobileNetV2,2236682,,0.77688,1.443446,0.688045,7e-07,1.7389443032295186e-08,0.0,3.242222220352333e-08,4.9811665235818524e-08,1.8331074087366367e-08,0.3680076544436599,3.3.0,150528,10,150538,215057118867.5128,1.19e-06,0.0,256177.65322901,0.0,34.9104,Intel(R) Xeon(R) w5-2445,X86_64,10,20,10,20,,10.3,3096.0,,,20,NVIDIA RTX PRO 6000 Blackwell Max-Q Workstation Edition,12032,288768,596.71,12.0,300.0,97887.0,29.62,0,40,2308.75,270,405,596.71,True,cpu,31.3,714.5,63.24,Windows,10.0.26200,AMD64,Windows 11 10.0.26200 AMD64,3.12.13,2.13.0,0.2,0.0666666666666666,0.2,0.1,0
2026-08-26 18:59:50,33673b8604ac5ce04967d62b142b30f97c7580fded98884cc24740167b8654b3,33673b86,CS-549448,automated_edge,8,5,5,1,MobileNetV2,2236682,,0.493169,1.06469,1.503571,7e-07,2.461043454425792e-08,0.0,4.793333339168588e-08,7.254376793594379e-08,2.6696661882611857e-08,0.3680076544436599,3.3.0,150528,10,150538,215052648197.3218,1.73e-06,0.0,373079.39428857,0.0,33.9249,Intel(R) Xeon(R) w5-2445,X86_64,10,20,10,20,,10.8,3096.0,,,20,NVIDIA RTX PRO 6000 Blackwell Max-Q Workstation Edition,12032,288768,596.71,12.0,300.0,97887.0,29.16,0,40,2308.75,277,405,596.71,True,cpu,31.3,714.5,63.24,Windows,10.0.26200,AMD64,Windows 11 10.0.26200 AMD64,3.12.13,2.13.0,0.2,0.0666666666666666,0.2,0.1,0
2026-08-26 18:59:55,33673b8604ac5ce04967d62b142b30f97c7580fded98884cc24740167b8654b3,33673b86,CS-549448,automated_edge,9,9,0,0,MobileNetV2,2236682,,0.558728,0.410597,0.954574,9e-07,3.196552082872333e-08,0.0,6.850722226469469e-08,1.0047274309341804e-07,3.69747385213292e-08,0.3680076544436599,3.3.0,150528,10,150538,167263170820.1392,2.4e-06,1e-12,401887.91220083,0.0,31.8151,Intel(R) Xeon(R) w5-2445,X86_64,10,20,10,20,,10.4,3096.0,,,20,NVIDIA RTX PRO 6000 Blackwell Max-Q Workstation Edition,12032,288768,596.71,12.0,300.0,97887.0,28.98,0,40,2308.75,270,405,596.71,True,cpu,31.3,714.5,63.24,Windows,10.0.26200,AMD64,Windows 11 10.0.26200 AMD64,3.12.13,2.13.0,0.2,0.0666666666666666,0.2,0.1,0
2026-08-26 19:02:11,33673b8604ac5ce04967d62b142b30f97c7580fded98884cc24740167b8654b3,33673b86,CS-549448,automated_edge,0,7,7,1,Moondream2,1857482608,,0.156455,0.375,2.057746,1.999829,5.12354760835778e-06,8.348340012015454e-05,1.1139596111105574e-05,9.974654383961787e-05,3.670749163727948e-05,0.3680076544436599,3.3.0,774,1,775,387.5331,0.46333878,1.28705e-07,179.5591,83.7,5.14,Intel(R) Xeon(R) w5-2445,X86_64,10,20,10,20,,12.6,3096.0,,,20,NVIDIA RTX PRO 6000 Blackwell Max-Q Workstation Edition,12032,288768,596.71,12.0,300.0,97887.0,51.63,1,42,9257.36,442,7001,596.71,True,cuda,35.3,2544.8906,63.24,Windows,10.0.26200,AMD64,Windows 11 AMD64,3.12.13,2.13.0,0.5,0.6,0.5,0.5333333333333333,0
2026-08-26 19:02:18,33673b8604ac5ce04967d62b142b30f97c7580fded98884cc24740167b8654b3,33673b86,CS-549448,automated_edge,1,2,2,1,Moondream2,1857482608,,0.119788,0.375,2.154241,1.4028523,3.689597795786757e-06,6.118199338978059e-05,7.810528333437914e-06,7.268211951900527e-05,2.674757632418288e-05,0.3680076544436599,3.3.0,774,1,775,552.4459,0.33762017,9.3783e-08,186.5169,84.18,5.08,Intel(R) Xeon(R) w5-2445,X86_64,10,20,10,20,,12.5,3096.0,,,20,NVIDIA RTX PRO 6000 Blackwell Max-Q Workstation Edition,12032,288768,596.71,12.0,300.0,97887.0,54.91,1,43,9256.68,495,7001,596.71,True,cuda,35.3,2546.7422,63.24,Windows,10.0.26200,AMD64,Windows 11 AMD64,3.12.13,2.13.0,0.5,0.6,0.5,0.5333333333333333,0
2026-08-26 19:02:25,33673b8604ac5ce04967d62b142b30f97c7580fded98884cc24740167b8654b3,33673b86,CS-549448,automated_edge,2,1,0,0,Moondream2,1857482608,,0.110432,0.25,2.180527,2.4251307,5.599712210534244e-06,9.969146864208243e-05,1.3505328888843196e-05,0.0001187965097414,4.371802490604806e-05,0.3680076544436599,3.3.0,774,1,775,319.5704,0.55182895,1.53286e-07,176.3482,83.92,4.71,Intel(R) Xeon(R) w5-2445,X86_64,10,20,10,20,,7.9,3096.0,,,20,NVIDIA RTX PRO 6000 Blackwell Max-Q Workstation Edition,12032,288768,596.71,12.0,300.0,97887.0,51.98,0,43,9256.68,442,7001,596.71,True,cuda,35.2,2546.8047,63.24,Windows,10.0.26200,AMD64,Windows 11 AMD64,3.12.13,2.13.0,0.5,0.6,0.5,0.5333333333333333,0
2026-08-26 19:02:32,33673b8604ac5ce04967d62b142b30f97c7580fded98884cc24740167b8654b3,33673b86,CS-549448,automated_edge,3,0,invalid,0,Moondream2,1857482608,,0.0,0.375,2.160733,1.6928104,4.291432513487104e-06,7.63628388680826e-05,9.42384833332552e-06,9.007811971489522e-05,3.31494375529738e-05,0.3680076544436599,3.3.0,774,49,823,486.1738,0.39402337,1.09451e-07,191.5638,84.77,4.76,Intel(R) Xeon(R) w5-2445,X86_64,10,20,10,20,,8.2,3096.0,,,20,NVIDIA RTX PRO 6000 Blackwell Max-Q Workstation Edition,12032,288768,596.71,12.0,300.0,97887.0,58.36,0,44,9256.68,465,7001,596.71,True,cuda,34.4,2546.8867,63.24,Windows,10.0.26200,AMD64,Windows 11 AMD64,3.12.13,2.13.0,0.5,0.6,0.5,0.5333333333333333,0
2026-08-26 19:02:38,33673b8604ac5ce04967d62b142b30f97c7580fded98884cc24740167b8654b3,33673b86,CS-549448,automated_edge,4,4,4,1,Moondream2,1857482608,,0.086789,0.25,2.163655,1.4888026,3.604655318550251e-06,6.432449590421108e-05,8.285325000017312e-06,7.621447622277863e-05,2.8047510629396857e-05,0.3680076544436599,3.3.0,774,1,775,520.5526,0.35402853,9.8341e-08,184.2905,84.4,4.73,Intel(R) Xeon(R) w5-2445,X86_64,10,20,10,20,,7.8,3096.0,,,20,NVIDIA RTX PRO 6000 Blackwell Max-Q Workstation Edition,12032,288768,596.71,12.0,300.0,97887.0,55.46,0,45,9256.61,435,7001,596.71,True,cuda,34.4,2546.8906,63.24,Windows,10.0.26200,AMD64,Windows 11 AMD64,3.12.13,2.13.0,0.5,0.6,0.5,0.5333333333333333,0
2026-08-26 19:02:45,33673b8604ac5ce04967d62b142b30f97c7580fded98884cc24740167b8654b3,33673b86,CS-549448,automated_edge,5,1,0,0,Moondream2,1857482608,,0.134432,0.25,2.142592,1.9798492,4.783890646278477e-06,8.177589875413283e-05,1.1020499999964764e-05,9.758028940037608e-05,3.591029342216593e-05,0.3680076544436599,3.3.0,774,1,775,391.444,0.45327618,1.2591e-07,177.4322,83.8,4.9,Intel(R) Xeon(R) w5-2445,X86_64,10,20,10,20,,7.4,3096.0,,,20,NVIDIA RTX PRO 6000 Blackwell Max-Q Workstation Edition,12032,288768,596.71,12.0,300.0,97887.0,52.01,0,45,9256.61,510,7001,596.71,True,cuda,34.4,2546.9531,63.24,Windows,10.0.26200,AMD64,Windows 11 AMD64,3.12.13,2.13.0,0.5,0.6,0.5,0.5333333333333333,0
2026-08-26 19:02:52,33673b8604ac5ce04967d62b142b30f97c7580fded98884cc24740167b8654b3,33673b86,CS-549448,automated_edge,6,4,4,1,Moondream2,1857482608,,0.090571,0.5,2.153886,2.0028909,4.8902725790971735e-06,8.224951024426996e-05,1.1141541111040472e-05,9.82813239344076e-05,3.616827949671888e-05,0.3680076544436599,3.3.0,774,1,775,386.9407,0.4565326,1.26815e-07,176.651,83.69,4.98,Intel(R) Xeon(R) w5-2445,X86_64,10,20,10,20,,5.2,3096.0,,,20,NVIDIA RTX PRO 6000 Blackwell Max-Q Workstation Edition,12032,288768,596.71,12.0,300.0,97887.0,52.1,0,46,9256.68,442,7001,596.71,True,cuda,34.4,2546.9648,63.24,Windows,10.0.26200,AMD64,Windows 11 AMD64,3.12.13,2.13.0,0.5,0.6,0.5,0.5333333333333333,0
2026-08-26 19:02:59,33673b8604ac5ce04967d62b142b30f97c7580fded98884cc24740167b8654b3,33673b86,CS-549448,automated_edge,7,9,6,0,Moondream2,1857482608,,0.064045,0.125,2.174741,1.9797841,4.741080447446758e-06,8.676534719004314e-05,1.1012735555494955e-05,0.0001025191631929,3.772783678217715e-05,0.3680076544436599,3.3.0,774,1,775,391.4568,0.47621805,1.32283e-07,186.4188,84.63,4.62,Intel(R) Xeon(R) w5-2445,X86_64,10,20,10,20,,6.8,3096.0,,,19,NVIDIA RTX PRO 6000 Blackwell Max-Q Workstation Edition,12032,288768,596.71,12.0,300.0,97887.0,52.28,1,47,9255.86,435,7001,596.71,True,cuda,34.4,2546.9648,63.24,Windows,10.0.26200,AMD64,Windows 11 AMD64,3.12.13,2.13.0,0.5,0.6,0.5,0.5333333333333333,0
2026-08-26 19:03:06,33673b8604ac5ce04967d62b142b30f97c7580fded98884cc24740167b8654b3,33673b86,CS-549448,automated_edge,8,5,6,0,Moondream2,1857482608,,0.052411,0.25,2.172685,1.511232,3.704002576090554e-06,6.413644019809261e-05,8.411219444436331e-06,7.62516622186195e-05,2.8061195360504406e-05,0.3680076544436599,3.3.0,774,1,775,512.8266,0.35420127,9.8389e-08,181.6438,84.11,4.86,Intel(R) Xeon(R) w5-2445,X86_64,10,20,10,20,,8.5,3096.0,,,20,NVIDIA RTX PRO 6000 Blackwell Max-Q Workstation Edition,12032,288768,596.71,12.0,300.0,97887.0,51.65,0,47,9255.93,405,7001,596.71,True,cuda,34.4,2547.0273,63.24,Windows,10.0.26200,AMD64,Windows 11 AMD64,3.12.13,2.13.0,0.5,0.6,0.5,0.5333333333333333,0
2026-08-26 19:03:12,33673b8604ac5ce04967d62b142b30f97c7580fded98884cc24740167b8654b3,33673b86,CS-549448,automated_edge,9,9,9,1,Moondream2,1857482608,,0.377071,0.875,1.920859,1.5235801,3.7186641795847054e-06,6.504810759400126e-05,8.477123888911188e-06,7.724389566249715e-05,2.842634486284637e-05,0.3680076544436599,3.3.0,774,1,775,508.6703,0.35881035,9.967e-08,182.5162,84.21,4.81,Intel(R) Xeon(R) w5-2445,X86_64,10,20,10,20,,7.7,3096.0,,,20,NVIDIA RTX PRO 6000 Blackwell Max-Q Workstation Edition,12032,288768,596.71,12.0,300.0,97887.0,52.33,0,47,9255.93,450,7001,596.71,True,cuda,34.4,2547.0273,63.24,Windows,10.0.26200,AMD64,Windows 11 AMD64,3.12.13,2.13.0,0.5,0.6,0.5,0.5333333333333333,0
2026-08-26 19:01:10,33673b8604ac5ce04967d62b142b30f97c7580fded98884cc24740167b8654b3,33673b86,CS-549448,automated_edge,0,7,7,1,Qwen2,2208985600,,0.477295,0.640625,1.567383,1.9216532,4.3396597514215255e-06,7.629867214997699e-05,1.0687491666693755e-05,9.132582356809226e-05,3.3608602121429153e-05,0.3680076544436599,3.3.0,82,1,83,43.192,3.96112006,1.100311e-06,171.0886,83.55,4.75,Intel(R) Xeon(R) w5-2445,X86_64,10,20,10,20,,8.8,3096.0,,,20,NVIDIA RTX PRO 6000 Blackwell Max-Q Workstation Edition,12032,288768,596.71,12.0,300.0,97887.0,29.96,1,41,5078.71,300,405,596.71,True,cuda,34.6,2268.7305,63.24,Windows,10.0.26200,AMD64,Windows 11 AMD64,3.12.13,2.13.0,0.5,0.5571428571428572,0.5,0.4555555555555555,0
2026-08-26 19:01:15,33673b8604ac5ce04967d62b142b30f97c7580fded98884cc24740167b8654b3,33673b86,CS-549448,automated_edge,1,2,9,0,Qwen2,2208985600,,0.335205,0.765625,2.0,0.1854932,4.521007751091237e-07,5.01028178606644e-06,1.0478122222088536e-06,6.510194783384417e-06,2.3958015122046503e-06,0.36800765444366,3.3.0,82,1,83,447.4558,0.28236989,7.8436e-08,126.348,76.96,6.94,Intel(R) Xeon(R) w5-2445,X86_64,10,20,10,20,,7.3,3096.0,,,20,NVIDIA RTX PRO 6000 Blackwell Max-Q Workstation Edition,12032,288768,596.71,12.0,300.0,97887.0,29.54,3,41,5078.71,292,405,596.71,True,cuda,34.5,2268.332,63.24,Windows,10.0.26200,AMD64,Windows 11 AMD64,3.12.13,2.13.0,0.5,0.5571428571428572,0.5,0.4555555555555555,0
2026-08-26 19:01:21,33673b8604ac5ce04967d62b142b30f97c7580fded98884cc24740167b8654b3,33673b86,CS-549448,automated_edge,2,1,9,0,Qwen2,2208985600,,0.340088,0.703125,1.97168,0.1837392,4.5479179735038843e-07,3.890558668007138e-06,1.0383350000160538e-06,5.38368546537358e-06,1.981237460374555e-06,0.36800765444366,3.3.0,82,1,83,451.7272,0.23350925,6.4864e-08,105.4825,72.27,8.45,Intel(R) Xeon(R) w5-2445,X86_64,10,20,10,20,,7.7,3096.0,,,16,NVIDIA RTX PRO 6000 Blackwell Max-Q Workstation Edition,12032,288768,596.71,12.0,300.0,97887.0,29.65,0,41,5078.71,292,405,596.71,True,cuda,34.3,2268.4609,63.24,Windows,10.0.26200,AMD64,Windows 11 AMD64,3.12.13,2.13.0,0.5,0.5571428571428572,0.5,0.4555555555555555,0
2026-08-26 19:01:26,33673b8604ac5ce04967d62b142b30f97c7580fded98884cc24740167b8654b3,33673b86,CS-549448,automated_edge,3,0,9,0,Qwen2,2208985600,,0.30249,0.828125,2.089844,0.1832916,4.377899957906711e-07,5.416671000124662e-06,1.035405555497467e-06,6.8898665514128e-06,2.5355236290152527e-06,0.3680076544436599,3.3.0,82,1,83,452.8304,0.29883759,8.301e-08,135.3227,78.62,6.35,Intel(R) Xeon(R) w5-2445,X86_64,10,20,10,20,,7.1,3096.0,,,13,NVIDIA RTX PRO 6000 Blackwell Max-Q Workstation Edition,12032,288768,596.71,12.0,300.0,97887.0,29.37,0,41,5078.71,262,405,596.71,True,cuda,34.3,2268.4219,63.24,Windows,10.0.26200,AMD64,Windows 11 AMD64,3.12.13,2.13.0,0.5,0.5571428571428572,0.5,0.4555555555555555,0
2026-08-26 19:01:31,33673b8604ac5ce04967d62b142b30f97c7580fded98884cc24740167b8654b3,33673b86,CS-549448,automated_edge,4,4,4,1,Qwen2,2208985600,,0.73291,1.8125,1.027344,0.183641,4.625002929978187e-07,6.331393953895592e-06,1.0363377777846634e-06,7.830232024678074e-06,2.8815853211514085e-06,0.3680076544436599,3.3.0,82,1,83,451.9688,0.33962452,9.434e-08,153.4997,80.86,5.91,Intel(R) Xeon(R) w5-2445,X86_64,10,20,10,20,,7.3,3096.0,,,18,NVIDIA RTX PRO 6000 Blackwell Max-Q Workstation Edition,12032,288768,596.71,12.0,300.0,97887.0,28.79,0,41,5078.71,262,405,596.71,True,cuda,34.1,2268.4961,63.24,Windows,10.0.26200,AMD64,Windows 11 AMD64,3.12.13,2.13.0,0.5,0.5571428571428572,0.5,0.4555555555555555,0
2026-08-26 19:01:36,33673b8604ac5ce04967d62b142b30f97c7580fded98884cc24740167b8654b3,33673b86,CS-549448,automated_edge,5,1,1,1,Qwen2,2208985600,,0.31543,0.234375,1.921875,0.181194,4.566037242739325e-07,5.7538934919443285e-06,1.0231616666715123e-06,7.233658882889773e-06,2.662041838537811e-06,0.3680076544436599,3.3.0,82,1,83,458.0726,0.31374906,8.7153e-08,143.7198,79.54,6.31,Intel(R) Xeon(R) w5-2445,X86_64,10,20,10,20,,7.3,3096.0,,,18,NVIDIA RTX PRO 6000 Blackwell Max-Q Workstation Edition,12032,288768,596.71,12.0,300.0,97887.0,28.78,0,41,5078.71,255,405,596.71,True,cuda,34.1,2268.4727,63.24,Windows,10.0.26200,AMD64,Windows 11 AMD64,3.12.13,2.13.0,0.5,0.5571428571428572,0.5,0.4555555555555555,0
2026-08-26 19:01:41,33673b8604ac5ce04967d62b142b30f97c7580fded98884cc24740167b8654b3,33673b86,CS-549448,automated_edge,6,4,9,0,Qwen2,2208985600,,0.374023,1.015625,1.958008,0.1812186,4.685795892369628e-07,6.252782780269417e-06,1.0226366667161024e-06,7.743999036222483e-06,2.849850921334199e-06,0.3680076544436599,3.3.0,82,1,83,458.0104,0.3358843,9.3301e-08,153.8385,80.74,6.05,Intel(R) Xeon(R) w5-2445,X86_64,10,20,10,20,,17.5,3096.0,,,20,NVIDIA RTX PRO 6000 Blackwell Max-Q Workstation Edition,12032,288768,596.71,12.0,300.0,97887.0,29.51,0,41,5078.71,270,405,596.71,True,cuda,34.2,2268.5469,63.24,Windows,10.0.26200,AMD64,Windows 11 AMD64,3.12.13,2.13.0,0.5,0.5571428571428572,0.5,0.4555555555555555,0
2026-08-26 19:01:47,33673b8604ac5ce04967d62b142b30f97c7580fded98884cc24740167b8654b3,33673b86,CS-549448,automated_edge,7,9,9,1,Qwen2,2208985600,,0.335938,1.125,2.054688,0.2084355,1.6927122444876638e-06,5.831949110080004e-06,1.1748949999552375e-06,8.699556354522904e-06,3.201503328728411e-06,0.3680076544436599,3.3.0,82,1,83,398.2047,0.37733016,1.04814e-07,150.2546,67.04,19.46,Intel(R) Xeon(R) w5-2445,X86_64,10,20,10,20,,30.7,3096.0,,,20,NVIDIA RTX PRO 6000 Blackwell Max-Q Workstation Edition,12032,288768,596.71,12.0,300.0,97887.0,29.48,0,41,5078.71,292,405,596.71,True,cuda,34.6,2268.4883,63.24,Windows,10.0.26200,AMD64,Windows 11 AMD64,3.12.13,2.13.0,0.5,0.5571428571428572,0.5,0.4555555555555555,0
2026-08-26 19:01:52,33673b8604ac5ce04967d62b142b30f97c7580fded98884cc24740167b8654b3,33673b86,CS-549448,automated_edge,8,5,9,0,Qwen2,2208985600,,0.298828,0.96875,2.113281,0.1813774,4.601490304208452e-07,6.313060605889209e-06,1.0228661111290825e-06,7.796075747439137e-06,2.86901554968018e-06,0.3680076544436599,3.3.0,82,1,83,457.6094,0.33814304,9.3929e-08,154.7374,80.98,5.9,Intel(R) Xeon(R) w5-2445,X86_64,10,20,10,20,,14.0,3096.0,,,20,NVIDIA RTX PRO 6000 Blackwell Max-Q Workstation Edition,12032,288768,596.71,12.0,300.0,97887.0,28.98,0,41,4956.68,255,405,596.71,True,cuda,35.0,2268.5586,63.24,Windows,10.0.26200,AMD64,Windows 11 AMD64,3.12.13,2.13.0,0.5,0.5571428571428572,0.5,0.4555555555555555,0
2026-08-26 19:01:57,33673b8604ac5ce04967d62b142b30f97c7580fded98884cc24740167b8654b3,33673b86,CS-549448,automated_edge,9,9,9,1,Qwen2,2208985600,,0.911621,3.78125,0.483643,0.1804954,4.508832185763384e-07,5.193337488107464e-06,1.0192949999893447e-06,6.663515706673146e-06,2.452224785561272e-06,0.36800765444366,3.3.0,82,1,83,459.8455,0.28901996,8.0283e-08,132.9045,77.94,6.77,Intel(R) Xeon(R) w5-2445,X86_64,10,20,10,20,,12.1,3096.0,,,19,NVIDIA RTX PRO 6000 Blackwell Max-Q Workstation Edition,12032,288768,596.71,12.0,300.0,97887.0,28.79,0,41,4956.68,270,405,596.71,True,cuda,34.9,2268.4961,63.24,Windows,10.0.26200,AMD64,Windows 11 AMD64,3.12.13,2.13.0,0.5,0.5571428571428572,0.5,0.4555555555555555,0
2026-08-27 10:52:08,9f56743a9725b15f77edc373bff72f5d9a1e7820eff00ab22f83e6c7b2d0b9c3,9f56743a,CS-541172,automated_edge,0,7,7,1,Moondream2,1857482608,3063467501056.0,0.172778,0.375,2.058354,2.6777369,0.0007449034166671,7.96536748340071e-05,1.489680000001196e-05,0.0008394538915011,0.0003089254576249,0.3680076544436599,3.0.7,774,1,775,289.4235,3.89939872,1.083166e-06,1128.5776,9.49,88.74,Intel(R) Core(TM) i7-10700K CPU @ 3.80GHz,X86_64,8,16,8,16,,13.8,3792.0,,,16,NVIDIA GeForce RTX 4070 Ti SUPER,8448,101376,560.94,8.9,285.0,16376.0,167.77,71,55,6349.03,2790,10251,560.94,True,cuda,73.2,1893.2891,63.8,Windows,10.0.26100,AMD64,Windows 11 AMD64,3.12.11,2.10.0+cu126,1.0,1.0,1.0,1.0,0
2026-08-27 10:52:28,9f56743a9725b15f77edc373bff72f5d9a1e7820eff00ab22f83e6c7b2d0b9c3,9f56743a,CS-541172,automated_edge,1,2,2,1,Moondream2,1857482608,3063467501056.0,0.120553,0.375,2.147876,17.474517,0.0048547337777765,0.00035627945169,9.7092536666686e-05,0.0053081057661332,0.0019534235525335,0.36800765444366,3.0.7,774,1,775,44.3503,24.65700743,6.849169e-06,1093.5456,6.71,91.46,Intel(R) Core(TM) i7-10700K CPU @ 3.80GHz,X86_64,8,16,8,16,,16.4,3792.0,,,16,NVIDIA GeForce RTX 4070 Ti SUPER,8448,101376,560.94,8.9,285.0,16376.0,162.31,96,61,6321.94,2775,10251,560.94,True,cuda,73.1,1899.7539,63.8,Windows,10.0.26100,AMD64,Windows 11 AMD64,3.12.11,2.10.0+cu126,1.0,1.0,1.0,1.0,0
2026-08-27 09:57:46,9f56743a9725b15f77edc373bff72f5d9a1e7820eff00ab22f83e6c7b2d0b9c3,9f56743a,CS-541172,automated_edge,0,7,7,1,Qwen2,2208985600,1445927583744.0,0.476562,0.640625,1.570312,0.5832122,0.0001641507222221,3.163058085980941e-06,3.2818766666524527e-06,0.0001705956569748,6.278050758157493e-05,0.36800765444366,3.0.7,82,1,83,142.3153,7.3993297,2.055369e-06,1053.0376,1.85,96.22,Intel(R) Core(TM) i7-10700K CPU @ 3.80GHz,X86_64,8,16,8,16,,10.0,3792.0,,,16,NVIDIA GeForce RTX 4070 Ti SUPER,8448,101376,560.94,8.9,285.0,16376.0,19.37,44,54,15395.72,720,810,560.94,True,cuda,79.5,1982.1914,63.8,Windows,10.0.26100,AMD64,Windows 11 AMD64,3.12.11,2.10.0+cu126,0.5,0.5,0.5,0.5,0
2026-08-27 09:57:48,9f56743a9725b15f77edc373bff72f5d9a1e7820eff00ab22f83e6c7b2d0b9c3,9f56743a,CS-541172,automated_edge,1,2,9,0,Qwen2,2208985600,1445927583744.0,0.334717,0.765625,2.001953,0.3498229,9.867283333328993e-05,1.784723650005704e-06,1.97237555556866e-06,0.0001024299325388,3.769499921844977e-05,0.3680076544436599,3.0.7,82,1,83,237.2629,4.44274406,1.234096e-06,1054.0984,1.74,96.33,Intel(R) Core(TM) i7-10700K CPU @ 3.80GHz,X86_64,8,16,8,16,,22.3,3792.0,,,16,NVIDIA GeForce RTX 4070 Ti SUPER,8448,101376,560.94,8.9,285.0,16376.0,15.0,96,55,15438.12,2640,10251,560.94,True,cuda,79.3,1984.2617,63.8,Windows,10.0.26100,AMD64,Windows 11 AMD64,3.12.11,2.10.0+cu126,0.5,0.5,0.5,0.5,0
2026-08-26 18:47:40,9f56743a9725b15f77edc373bff72f5d9a1e7820eff00ab22f83e6c7b2d0b9c3,9f56743a,CS-541172,automated_edge,0,7,7,1,CNN,225034,2631040.0,0.999999,13.804964,1.5e-05,0.001068,1.027111111145334e-06,0.0,1.937777777938108e-08,1.046488888924715e-06,3.851159214145362e-07,0.36800765,3.0.7,784,1,785,735018.7266,0.004799,1.333e-09,3527.4906,0.0,98.15,Intel(R) Core(TM) i7-10700K CPU @ 3.80GHz,X86_64,8,16,8,16,,10.0,3792.0,,,16,NVIDIA GeForce RTX 4070 Ti SUPER,8448,101376,560.94,8.9,285.0,16376.0,13.87,22,53,10438.54,225,405,560.94,True,cpu,34.9,3730.4258,63.8,Windows,10.0.26100,AMD64,Windows 10 Enterprise 24H2 Build 26100 AMD64,3.12.11,2.10.0+cu126,1.0,1.0,1.0,1.0,0
2026-08-26 18:47:42,9f56743a9725b15f77edc373bff72f5d9a1e7820eff00ab22f83e6c7b2d0b9c3,9f56743a,CS-541172,automated_edge,1,2,2,1,CNN,225034,2631040.0,1.0,27.195505,0.0,0.000715,1.0185555554976923e-06,0.0,1.9168333331739028e-08,1.0377238888294313e-06,3.818903342882725e-07,0.36800765,3.0.7,784,1,785,1097902.0977,0.004759,1.322e-09,5224.9035,0.0,98.15,Intel(R) Core(TM) i7-10700K CPU @ 3.80GHz,X86_64,8,16,8,16,,19.1,3792.0,,,16,NVIDIA GeForce RTX 4070 Ti SUPER,8448,101376,560.94,8.9,285.0,16376.0,12.55,22,53,10449.97,270,405,560.94,True,cpu,34.9,3730.4453,63.8,Windows,10.0.26100,AMD64,Windows 10 Enterprise 24H2 Build 26100 AMD64,3.12.11,2.10.0+cu126,1.0,1.0,1.0,1.0,0
2026-08-26 18:47:44,9f56743a9725b15f77edc373bff72f5d9a1e7820eff00ab22f83e6c7b2d0b9c3,9f56743a,CS-541172,automated_edge,0,7,7,1,DNN,567434,566528.0,0.999998,13.499417,3.6e-05,0.0005868,1.236833333374913e-06,0.0,2.3665555555554532e-08,1.2604988889304674e-06,4.638732395441408e-07,0.36800765,3.0.7,784,1,785,1337764.1438,0.005781,1.606e-09,7733.122,0.0,98.12,Intel(R) Core(TM) i7-10700K CPU @ 3.80GHz,X86_64,8,16,8,16,,20.8,3792.0,,,16,NVIDIA GeForce RTX 4070 Ti SUPER,8448,101376,560.94,8.9,285.0,16376.0,12.41,37,53,10402.23,210,405,560.94,True,cpu,34.8,3740.7188,63.8,Windows,10.0.26100,AMD64,Windows 10 Enterprise 24H2 Build 26100 AMD64,3.12.11,2.10.0+cu126,1.0,1.0,1.0,1.0,0
2026-08-26 18:47:46,9f56743a9725b15f77edc373bff72f5d9a1e7820eff00ab22f83e6c7b2d0b9c3,9f56743a,CS-541172,automated_edge,1,2,2,1,DNN,567434,566528.0,1.0,16.283073,2e-06,0.0005353,2.428861111083178e-06,0.0,4.7385555555794994e-08,2.476246666638973e-06,9.1127772761374e-07,0.36800765,3.0.7,784,1,785,1466467.4023,0.011356,3.154e-09,16653.2561,0.0,98.09,Intel(R) Core(TM) i7-10700K CPU @ 3.80GHz,X86_64,8,16,8,16,,16.7,3792.0,,,16,NVIDIA GeForce RTX 4070 Ti SUPER,8448,101376,560.94,8.9,285.0,16376.0,11.9,21,53,10395.79,210,405,560.94,True,cpu,34.8,3740.7227,63.8,Windows,10.0.26100,AMD64,Windows 10 Enterprise 24H2 Build 26100 AMD64,3.12.11,2.10.0+cu126,1.0,1.0,1.0,1.0,0
2026-08-26 18:47:56,9f56743a9725b15f77edc373bff72f5d9a1e7820eff00ab22f83e6c7b2d0b9c3,9f56743a,CS-541172,automated_edge,0,7,0,0,MobileNetV2,2236682,312926016.0,0.806823,2.016206,0.712508,9e-07,5.6275833333074845e-06,0.0,1.1139888888717705e-07,5.738982222194661e-06,2.1119893864837207e-06,0.3680076544436599,3.0.7,150528,10,150538,167264438528.1582,0.00013724,3.8e-11,22955928.07680783,0.0,98.0589,Intel(R) Core(TM) i7-10700K CPU @ 3.80GHz,X86_64,8,16,8,16,,23.4,3792.0,,,16,NVIDIA GeForce RTX 4070 Ti SUPER,8448,101376,560.94,8.9,285.0,16376.0,12.14,23,53,10416.14,210,405,560.94,True,cpu,34.8,3754.4961,63.8,Windows,10.0.26100,AMD64,Windows 11 10.0.26100 AMD64,3.12.11,2.10.0+cu126,0.5,0.5,0.5,0.5,0
2026-08-26 18:47:58,9f56743a9725b15f77edc373bff72f5d9a1e7820eff00ab22f83e6c7b2d0b9c3,9f56743a,CS-541172,automated_edge,1,2,2,1,MobileNetV2,2236682,312926016.0,0.476957,0.294019,1.249573,6e-07,4.6493611110539255e-06,3.0388913200077305e-07,9.200611111231817e-08,5.045256354167017e-06,1.8566929569639752e-06,0.3680076544436599,3.0.7,150528,10,150538,250896657792.2373,0.00012065,3.4e-11,30271537.05427194,6.0233,92.1531,Intel(R) Core(TM) i7-10700K CPU @ 3.80GHz,X86_64,8,16,8,16,,18.1,3792.0,,,16,NVIDIA GeForce RTX 4070 Ti SUPER,8448,101376,560.94,8.9,285.0,16376.0,12.13,22,53,10391.14,210,405,560.94,True,cpu,34.7,3755.4492,63.8,Windows,10.0.26100,AMD64,Windows 11 10.0.26100 AMD64,3.12.11,2.10.0+cu126,0.5,0.5,0.5,0.5,0
2026-08-26 18:48:21,9f56743a9725b15f77edc373bff72f5d9a1e7820eff00ab22f83e6c7b2d0b9c3,9f56743a,CS-541172,automated_edge,0,7,7,1,Moondream2,1857482608,,0.172778,0.375,2.058354,2.3364998,0.0006499887222222,6.99797782060009e-05,1.2998812222223123e-05,0.0007329673126505,0.0002697375815123,0.3680076544436599,3.0.7,774,1,775,331.6927,3.40475139,9.45764e-07,1129.3313,9.55,88.68,Intel(R) Core(TM) i7-10700K CPU @ 3.80GHz,X86_64,8,16,8,16,,23.9,3792.0,,,16,NVIDIA GeForce RTX 4070 Ti SUPER,8448,101376,560.94,8.9,285.0,16376.0,158.38,97,62,13094.96,2775,10251,560.94,True,cuda,34.2,3559.9805,63.8,Windows,10.0.26100,AMD64,Windows 11 AMD64,3.12.11,2.10.0+cu126,1.0,1.0,1.0,1.0,0
2026-08-26 18:48:42,9f56743a9725b15f77edc373bff72f5d9a1e7820eff00ab22f83e6c7b2d0b9c3,9f56743a,CS-541172,automated_edge,1,2,2,1,Moondream2,1857482608,,0.120553,0.375,2.147876,19.0039059,0.0052792705555555,0.000348176389652,0.0001055829972222,0.0057330299424297,0.0021097989019688,0.3680076544436599,3.0.7,774,1,775,40.7811,26.63084876,7.397458e-06,1086.035,6.07,92.09,Intel(R) Core(TM) i7-10700K CPU @ 3.80GHz,X86_64,8,16,8,16,,18.2,3792.0,,,16,NVIDIA GeForce RTX 4070 Ti SUPER,8448,101376,560.94,8.9,285.0,16376.0,168.61,96,64,13122.59,2775,10251,560.94,True,cuda,34.2,3560.082,63.8,Windows,10.0.26100,AMD64,Windows 11 AMD64,3.12.11,2.10.0+cu126,1.0,1.0,1.0,1.0,0
2026-08-26 18:48:08,9f56743a9725b15f77edc373bff72f5d9a1e7820eff00ab22f83e6c7b2d0b9c3,9f56743a,CS-541172,automated_edge,0,7,7,1,Qwen2,2208985600,,0.476562,0.640625,1.570312,0.1909235,5.547213888879317e-05,1.6275013020004836e-06,1.1084522222214826e-06,5.820809241301514e-05,2.1421023558553505e-05,0.3680076544436599,3.0.7,82,1,83,434.7291,2.52468835,7.01302e-07,1097.5555,2.8,95.3,Intel(R) Core(TM) i7-10700K CPU @ 3.80GHz,X86_64,8,16,8,16,,14.6,3792.0,,,16,NVIDIA GeForce RTX 4070 Ti SUPER,8448,101376,560.94,8.9,285.0,16376.0,21.68,78,54,10337.02,2640,10251,560.94,True,cuda,34.2,3426.1523,63.8,Windows,10.0.26100,AMD64,Windows 11 AMD64,3.12.11,2.10.0+cu126,0.5,0.5,0.5,0.5,0
2026-08-26 18:48:10,9f56743a9725b15f77edc373bff72f5d9a1e7820eff00ab22f83e6c7b2d0b9c3,9f56743a,CS-541172,automated_edge,1,2,9,0,Qwen2,2208985600,,0.334717,0.765625,2.001953,0.1072578,3.178263888887361e-05,7.233339119998294e-07,6.34588333332431e-07,3.314056113420587e-05,1.2195980169945824e-05,0.3680076544436599,3.0.7,82,1,83,773.8365,1.43742193,3.99284e-07,1112.3295,2.18,95.9,Intel(R) Core(TM) i7-10700K CPU @ 3.80GHz,X86_64,8,16,8,16,,13.6,3792.0,,,16,NVIDIA GeForce RTX 4070 Ti SUPER,8448,101376,560.94,8.9,285.0,16376.0,35.77,13,55,10332.84,645,5001,560.94,True,cuda,34.2,3426.1875,63.8,Windows,10.0.26100,AMD64,Windows 11 AMD64,3.12.11,2.10.0+cu126,0.5,0.5,0.5,0.5,0
2026-08-26 18:47:50,9f56743a9725b15f77edc373bff72f5d9a1e7820eff00ab22f83e6c7b2d0b9c3,9f56743a,CS-541172,automated_edge,0,2,1,0,YOLO26N,1543914,7748800.0,0.907482,3.656293,0.484716,0.0052587,0.0,0.0,0.0,0.0,0.0,,3.0.7,784,10,794,150987.8867,0.0,0.0,0.0,0.0,0.0,Intel(R) Core(TM) i7-10700K CPU @ 3.80GHz,AMD64,8,16,8,16,,20.0,3792.0,,,16,NVIDIA GeForce RTX 4070 Ti SUPER,8448,101376,560.94,8.9,285.0,16376.0,11.94,22,53,10385.64,210,405,560.94,True,cpu,34.7,3736.7344,63.8,Windows,10.0.26100,AMD64,Windows 11 10.0.26100 AMD64,3.12.11,2.10.0+cu126,0.0,0.0,0.0,0.0,0
2026-08-26 18:47:52,9f56743a9725b15f77edc373bff72f5d9a1e7820eff00ab22f83e6c7b2d0b9c3,9f56743a,CS-541172,automated_edge,1,2,3,0,YOLO26N,1543914,7748800.0,0.725985,1.98864,1.017309,0.0056434,0.0,0.0,0.0,0.0,0.0,,3.0.7,784,10,794,140695.3255,0.0,0.0,0.0,0.0,0.0,Intel(R) Core(TM) i7-10700K CPU @ 3.80GHz,AMD64,8,16,8,16,,19.0,3792.0,,,16,NVIDIA GeForce RTX 4070 Ti SUPER,8448,101376,560.94,8.9,285.0,16376.0,11.93,22,53,10385.64,210,405,560.94,True,cpu,34.7,3736.7422,63.8,Windows,10.0.26100,AMD64,Windows 11 10.0.26100 AMD64,3.12.11,2.10.0+cu126,0.0,0.0,0.0,0.0,0
